feature,importance
home,0.058000684
has_company_logo,0.03713115
story,0.03260207
high,0.032087952
position,0.03022135
product service,0.028840832
integrated,0.021522805
option,0.019585118
small business,0.018806508
develop,0.018125046
people,0.017314881
great,0.0154425595
web,0.014497379
contact,0.014383563
core,0.014014353
value,0.013575096
changed,0.01318391
recruiting,0.012802138
potential,0.012100683
environment,0.01096475
work,0.010515814
department,0.009483104
certification,0.009418593
infrastructure,0.009412325
engineering,0.009386193
staffing,0.009263151
platform,0.008526164
direct,0.007423228
industry,0.0073054875
express,0.007002787
earn,0.0065525076
health dental,0.0062866397
quality,0.006088072
program,0.00599147
entry,0.0058301333
quarterly,0.005685869
high school,0.005680189
industry,0.0056665014
multiple,0.0055844453
location,0.005407684
company,0.005263653
required_experience,0.005228567
different,0.005016426
based,0.0046064463
data,0.004603565
quality product,0.004524941
timely,0.004323379
company world,0.004256874
time,0.004165503
mentor,0.0041549066
work,0.0040988545
required_education,0.003937455
income,0.0037910086
proven track,0.0036893173
billing,0.0035787271
area,0.0035130596
project manager,0.0032865484
free,0.0032668835
promote,0.0032624824
development,0.0032107348
va,0.0032069474
love,0.0031742405
administrative,0.0031688125
term,0.0031622706
personnel,0.0029931853
client,0.0029376058
provides,0.0028795728
initiative,0.0028525768
purchasing,0.0028103476
supplier,0.0028058176
device,0.0028019773
state,0.0027975317
information,0.0027790715
job,0.0027617945
team,0.0027481026
enthusiastic,0.002700849
entrepreneurial,0.0026679093
position,0.0026349507
home,0.0026260929
fit,0.002615242
user,0.0024903151
computer science,0.0024892574
let,0.0024480587
manner,0.002402912
new product,0.0022600004
individual,0.0022413798
cycle,0.0022308705
marketing,0.0021904912
school,0.0021388102
computer,0.0021138466
financing,0.002113707
medical,0.0020973093
month contract,0.0020102013
equal opportunity employer,0.0019885818
industrial,0.0019793082
step,0.001973353
field,0.00195309
high,0.0018886436
relationship,0.0018624234
program,0.0018592917
team,0.001854375
high school diploma,0.0018378132
excel,0.0017313985
written,0.0017249425
basic,0.0017177125
join,0.0017139316
experience,0.0016930287
insurance,0.0016814694
prospective,0.0016405939
manufacturing,0.0016267336
daily,0.0016053532
founded,0.0015890523
specialist,0.0015693714
strategy,0.0015622521
american,0.001552552
growth,0.001548686
send,0.0015364789
want,0.0015317556
process,0.001525141
includes,0.001512576
position requires,0.0015041953
work life,0.001498683
sql,0.001449943
operation,0.0014392943
help,0.0014360105
permanent,0.0014192224
new,0.0014091812
client,0.0014057355
entry level,0.0013842259
assisting,0.0013759134
production,0.0013722179
associated,0.0013648855
testing,0.0013467714
effort,0.0013291003
sale,0.0013228953
compensation,0.0013161318
advancement,0.0013091915
need,0.0013047218
established,0.0013042778
competitive,0.00129003
ensures,0.0012613103
link,0.0012513712
based,0.0012182865
description,0.0012170703
information,0.0012038858
like,0.0011982799
career,0.0011980722
competitive,0.0011612652
assist,0.0011254563
has_questions,0.0011200972
transaction,0.0011171894
bachelor,0.001112243
new,0.0011068173
demand high,0.001079381
providing,0.0010778968
time,0.0010701285
personal,0.0010631583
cash,0.0010556969
year,0.0010554689
candidate,0.0010513277
english,0.0010512405
staff,0.0010480208
type,0.0010462913
provide,0.0010374967
worker,0.0010362354
description_length,0.0010309784
hour,0.0010300135
interview,0.0010152629
selling,0.0010078242
broad,0.0010032894
development,0.000992269
care,0.0009893841
money,0.0009802211
gas,0.00096878764
pay,0.00096758513
trend,0.0009616691
group,0.0009585445
currently,0.000951137
implementation,0.00094982004
answer,0.0009459706
verbal,0.00094096863
customer,0.00093646854
come,0.0009353352
requirement,0.0009353312
function,0.0009300222
team,0.0009262878
enterprise,0.0009241836
reliable,0.0009100951
digital,0.00090730086
necessary,0.00090430956
serf,0.0009030942
apply,0.00089494523
troubleshooting,0.00088865275
data,0.0008876283
goal,0.00087894895
lead,0.0008678752
review,0.00085651
execution,0.0008560915
supervision,0.00085419527
consultant,0.0008220806
right,0.00082174566
basic,0.000807007
operating,0.00080375455
international,0.00079527346
attention,0.00079435593
motivated,0.000793677
interact,0.00079335016
meet,0.0007924972
create,0.00078923197
proficient,0.00077056594
work pressure,0.00076962454
service,0.0007674526
functional,0.00076387834
year experience,0.00076302834
developer,0.00074681913
service,0.0007459588
approach,0.00074483216
lift,0.0007411194
online,0.00073309
analysis,0.00072478567
equal opportunity,0.00072022626
position,0.0007172924
experience using,0.00071251084
estate,0.00071042584
appropriate,0.00070796895
integrity,0.00070188625
growing,0.0006983088
internet,0.0006913545
status,0.000690138
customer,0.0006893844
document,0.0006814457
telecommuting,0.0006745237
agency,0.0006592934
excellent communication,0.0006549905
office,0.0006524446
deadline,0.0006518497
data entry,0.00064763986
employee,0.00064322044
valid driver,0.0006419008
commission,0.00063865626
inbound,0.0006359952
open,0.00063364976
industry,0.00062853843
time management,0.0006247528
requires,0.0006230503
company,0.00061372004
duty,0.00060957565
limited,0.00060276804
professional,0.0005941779
performing,0.0005873668
employment_type,0.0005844474
know,0.0005843924
preferred,0.00057947705
paced,0.00057628873
project,0.0005724629
industry,0.00056450383
skill,0.0005527664
fresh,0.000552653
communicate,0.0005469772
essential,0.0005464397
supply,0.00054289395
wide range,0.0005415173
solution,0.0005409657
software,0.0005283207
sale,0.00052748475
communication,0.0005249296
salary,0.00052264787
holiday,0.0005197369
perform,0.0005162263
manager,0.0005135584
plus,0.0005133065
united,0.00050128624
flexible,0.0004981109
experience,0.0004944749
life,0.000491865
management,0.00048497148
make,0.00048094225
word,0.00048072
talent,0.00047954405
vehicle,0.00047772477
attend,0.00047665517
patient,0.00047222612
passionate,0.00046907578
year,0.0004679411
line,0.00046755467
travel,0.000467446
answering,0.00046638498
training,0.00046073543
standard,0.00046061107
application,0.0004598808
person,0.0004574088
reward,0.00045624943
experience,0.00045273462
time,0.00045048533
standard,0.00044919102
customer service,0.00044782617
development,0.00044531922
phone,0.00044002372
home,0.00043974616
assistant,0.00043488512
management,0.00043483885
email,0.000432514
face,0.00043094528
design,0.00043012924
people,0.0004282539
looking,0.00042719542
resume,0.0004271288
company looking,0.0004267335
junior,0.00042387084
process,0.00041992066
quality,0.00041903168
hour,0.0004183314
job,0.00041780647
employee,0.00041643102
provide,0.00041158783
dollar,0.00041026686
external,0.0004082892
individual,0.00040649436
pm,0.00040073742
phone,0.00040017138
credit,0.00039697994
issue,0.00039488092
sense,0.00039099884
candidate,0.0003891909
process,0.00038662547
london,0.00038266124
year,0.00037952545
responsibility,0.0003767608
market,0.00037423888
work team,0.0003733116
leading,0.0003666523
able,0.0003627618
class,0.00036056823
technology,0.0003591246
data,0.0003589367
individual,0.00035888868
order,0.00035599485
seeking,0.00035212425
information,0.0003516921
community,0.00035037397
license,0.00034744368
continue,0.00033505374
salary,0.00033179333
manages,0.00032912922
possess,0.0003199924
internet,0.00031826645
required,0.00031760958
door,0.00031657462
bonus,0.000316139
general,0.0003094347
digital,0.00030768305
recruitment,0.00030634436
tax,0.0003043191
card,0.00030415744
good,0.00030376718
contract,0.00030318258
create,0.00030300143
wide,0.0002987886
user,0.00029842104
success,0.00029696472
responsible,0.0002948145
inquiry,0.00029372144
state,0.0002913018
customer,0.00029080317
working,0.00028348796
maintaining,0.00028228073
role,0.00028017748
accounting,0.000280118
excellent,0.00027568827
rep,0.00026910496
opportunity,0.00026842012
manager,0.00026814302
powerpoint,0.00026731257
market,0.00026597685
talent,0.00026352933
background,0.00026167536
supply,0.00025721506
period,0.0002515727
technology,0.00025093867
need,0.00025010665
class,0.00024799275
project,0.00024659705
title,0.00024628977
achieve,0.00024499607
experience,0.00024324747
client,0.00024131627
able work,0.00024080944
financial,0.00024010254
high,0.0002381326
representative,0.00023672907
large,0.00023671152
supervisor,0.00023649322
starter,0.00023178272
phone,0.00023065851
software development,0.00023032066
word,0.00022903983
making,0.0002286408
specialist,0.0002281314
master,0.0002236494
assistant,0.00022078976
range,0.0002197603
amp,0.00021600451
analyze,0.00021594558
developing,0.00021431284
month,0.00021328226
control,0.00021147082
providing,0.00021145404
opening,0.00020947943
network,0.0002061879
account,0.00020589313
analyze,0.0002045655
hotel,0.00020456352
lifecycle,0.000203122
independently,0.0002017031
minimum,0.00020075533
ability,0.00020066577
marketing,0.00019946543
benefit,0.00019930936
leadership,0.00019826606
experienced,0.00019683398
end,0.00019585314
experience required,0.00019385263
food,0.00019321259
representative,0.00019116378
self,0.00019113606
college,0.00019030375
meet,0.00018999132
medical,0.00018814151
environment,0.00018756671
product,0.0001870653
following,0.00018566007
analyst,0.00018379079
build,0.0001833516
world,0.00018242461
available,0.0001820586
strong,0.0001811458
engineering,0.00017913034
customer,0.00017883479
computer,0.00017784529
bonus,0.0001747029
value,0.00017440038
million,0.00017392842
best,0.00017280382
organization,0.00017203881
technical,0.0001705269
experience working,0.00017035201
field,0.00016555193
modeling,0.00016509891
way,0.00016449229
excellence,0.00016272078
excel,0.00016083312
title_urgency_score,0.00016026846
work,0.0001590882
service,0.00015813032
engineer,0.00015651497
professional,0.00015373879
business,0.00015367668
addition,0.00015247977
written,0.00015096775
level,0.00015024691
growth,0.00014958771
proven,0.00014941231
hr,0.00014924268
working,0.0001482799
maintain,0.00014671596
qualified,0.00014599346
environment,0.00014331445
plus,0.0001421363
responsible,0.00013945739
pay,0.00013937677
ensuring,0.00013858835
include,0.00013728264
offer,0.00013636726
creative,0.00013604235
fit,0.0001356389
compliance,0.00013369329
proven,0.0001334928
programming,0.00013329691
result,0.00013225338
possess,0.00013159792
healthcare,0.0001303053
interested,0.00012923103
leading,0.00012916756
shift,0.00012871834
bring,0.00012818897
hardware,0.00012754662
email,0.00012514184
effectively,0.0001243461
willingness,0.000120085104
product service,0.00011974941
location,0.00011961996
long,0.00011936976
material,0.000119087614
schedule,0.00011900636
requirement,0.000117185635
reliable,0.000116952375
good,0.00011683182
train,0.000116057316
communication skill,0.000115902614
skill,0.00011509626
valid,0.00011290819
amp,0.00011089535
word excel,0.00010979962
preparation,0.00010955022
health,0.000109448316
generation,0.00010693887
possible,0.000106369494
year experience,0.000106219464
customer service,0.00010538255
including,0.000105037274
safety,0.0001050149
difference,0.000104947954
participate,0.00010478042
service,0.00010416223
large,0.00010411009
company,0.000103068356
new,0.00010297196
achieve,0.00010286315
school diploma,0.00010227071
following,0.00010153369
product,0.000100751815
billion,9.872725e-05
hour,9.800308e-05
amp,9.772406e-05
line,9.721346e-05
problem,9.4897514e-05
join,9.255965e-05
minute,9.1383125e-05
sale,9.083341e-05
opportunity,8.91264e-05
java,8.909325e-05
record,8.8321e-05
php,8.535943e-05
access,8.4727304e-05
oriented,8.355567e-05
higher,8.3184306e-05
delivery,8.311046e-05
software engineer,8.291565e-05
department,8.282653e-05
social,8.1756436e-05
life,8.078849e-05
goal,8.012551e-05
plan,8.010639e-05
revenue,8.009774e-05
management,7.912976e-05
develop,7.6157485e-05
like,7.3146606e-05
network,7.180513e-05
day,7.1793336e-05
focus,7.083526e-05
motivated,6.97993e-05
support,6.8913934e-05
fast,6.763495e-05
assigned,6.70784e-05
manage,6.628422e-05
want,6.5580156e-05
solving,6.55276e-05
product,6.492328e-05
ability,6.466093e-05
result,6.2046034e-05
online,6.1682615e-05
senior,6.1562576e-05
report,6.071316e-05
dental insurance,5.97106e-05
fund,5.8718306e-05
engineering,5.8065343e-05
innovative,5.748212e-05
work,5.452558e-05
event,5.263372e-05
package,4.97708e-05
sale team,4.9501345e-05
degree,4.905438e-05
key,4.822057e-05
time,4.5692388e-05
level,4.567516e-05
resource,4.526474e-05
attitude,4.429771e-05
equal,4.339241e-05
plan,4.1312524e-05
area,4.0750278e-05
supporting,3.9413277e-05
business,3.653562e-05
knowledge,3.4791203e-05
planning,3.4623776e-05
ensure,3.4065248e-05
understanding,3.1406515e-05
office,2.969369e-05
weekly,2.9475712e-05
offer,2.4641844e-05
success,2.3649054e-05
life,2.3370349e-05
strategy,2.2596334e-05
using,2.017571e-05
required,1.9587149e-05
dental,1.8636214e-05
team,1.5116234e-05
knowledge,1.5105016e-05
drug,1.1530539e-05
excellent,8.911596e-06
communication,7.948786e-06
personal,5.415313e-06
developing,4.299869e-06
needed,2.1404971e-06
leader,1.741439e-06
used,0.0
verbal written communication,0.0
tracking,0.0
view,0.0
trade,0.0
traditional,0.0
video,0.0
veteran,0.0
traffic,0.0
come,0.0
comfortable,0.0
competency,0.0
training perform,0.0
training perform duty,0.0
new york,0.0
track,0.0
transfer,0.0
translate,0.0
verbal written,0.0
verbal,0.0
transportation,0.0
travel job,0.0
travel job asia,0.0
venture,0.0
treatment,0.0
troubleshoot,0.0
true,0.0
truly,0.0
command,0.0
company,0.0
track record,0.0
touch,0.0
new opportunity,0.0
time sensitive material,0.0
minded,0.0
thrive,0.0
compliance,0.0
note,0.0
complex,0.0
ticket,0.0
tier,0.0
north,0.0
completion,0.0
complete,0.0
time position,0.0
visual,0.0
time sensitive,0.0
net,0.0
tool,0.0
visitor,0.0
visit url_ecafbfecaefbcdcfbebadcacdddbae url_badfdbcfcfacdeeddfaeebaabbfca,0.0
non,0.0
competitive,0.0
visit url_ecafbfecaefbcdcfbebadcacdddbae,0.0
time time,0.0
timeline,0.0
night,0.0
news,0.0
timely manner,0.0
visit,0.0
vision,0.0
today,0.0
new technology,0.0
vendor,0.0
new business,0.0
command english,0.0
utilizing,0.0
communication skill verbal,0.0
communication skill ability,0.0
urgent,0.0
voice,0.0
url_dbdfcdbecfcabaeaacbfdeb,0.0
url_dbdfcdbecfcabaeaacbfdeb month,0.0
utilize,0.0
url_dbdfcdbecfcabaeaacbfdeb month contract,0.0
communication interpersonal,0.0
url_ecafbfecaefbcdcfbebadcacdddbae,0.0
user interface,0.0
url_ecafbfecaefbcdcfbebadcacdddbae url_badfdbcfcfacdeeddfaeebaabbfca,0.0
url_edcbafbeedcdbdeccddacfdf,0.0
new feature,0.0
url_edcbafbeedcdbdeccddacfdf url_dbdfcdbecfcabaeaacbfdeb,0.0
url_edcbafbeedcdbdeccddacfdf url_dbdfcdbecfcabaeaacbfdeb month,0.0
communicate effectively,0.0
usa,0.0
usability,0.0
new client,0.0
usd,0.0
communicate,0.0
common,0.0
usd monthly,0.0
user experience,0.0
usd monthly cost,0.0
committed,0.0
use,0.0
ups,0.0
ux,0.0
updating,0.0
ultimately,0.0
trust,0.0
commercial,0.0
trusted,0.0
turn,0.0
community,0.0
networking,0.0
twitter,0.0
tx,0.0
commitment,0.0
ui,0.0
various mail center,0.0
various mail,0.0
uk,0.0
understand,0.0
updated,0.0
various,0.0
communicator,0.0
understanding,0.0
unique,0.0
variety,0.0
unit,0.0
communication skill written,0.0
united state,0.0
university,0.0
update,0.0
valuable,0.0
vacation,0.0
vacancy,0.0
url_badfdbcfcfacdeeddfaeebaabbfca,0.0
minimum year,0.0
volume,0.0
asset,0.0
applied,0.0
apply,0.0
checkability effectively,0.0
approach,0.0
monitor,0.0
apps,0.0
architecture,0.0
area,0.0
articulate,0.0
aspect,0.0
monday friday,0.0
assigned,0.0
monitoring,0.0
assignedwillingness,0.0
monday,0.0
assignedwillingness submit,0.0
assignedwillingness submit pre,0.0
assignment,0.0
assist,0.0
associate,0.0
attendance,0.0
attendance policy,0.0
modern,0.0
attitude required,0.0
application development,0.0
applicant,0.0
attitude required canada,0.0
advantage,0.0
adapt,0.0
additional,0.0
additional hour,0.0
additional hour assignedwillingness,0.0
class,0.0
adhere,0.0
administration,0.0
administrative,0.0
month contract apply,0.0
adobe,0.0
advanced,0.0
advertising,0.0
app,0.0
agency,0.0
agile,0.0
ajax,0.0
checkability effectively work,0.0
analysis,0.0
analytical,0.0
analytical skill,0.0
analytics,0.0
android,0.0
api,0.0
apis,0.0
checkability,0.0
audience,0.0
activity,0.0
canada,0.0
brand,0.0
bring,0.0
browser,0.0
budget,0.0
build,0.0
building,0.0
mission,0.0
business,0.0
business development,0.0
change,0.0
campaign,0.0
canada passport,0.0
blog,0.0
candidate,0.0
capability,0.0
capable,0.0
care,0.0
career,0.0
challenge,0.0
case,0.0
certified,0.0
celta,0.0
celta teaching,0.0
celta teaching experience,0.0
bonus,0.0
big,0.0
automated,0.0
bachelor degree,0.0
automation,0.0
availability,0.0
check,0.0
availability work,0.0
availability work additional,0.0
model,0.0
available,0.0
awareness,0.0
mobile application,0.0
ba,0.0
channel,0.0
background check,0.0
better,0.0
background checkability,0.0
background checkability effectively,0.0
balance,0.0
based,0.0
changing,0.0
mobile,0.0
basis,0.0
bb,0.0
benefit,0.0
best,0.0
best practice,0.0
ad,0.0
active,0.0
volume production,0.0
willingness,0.0
website search job,0.0
week,0.0
weekend,0.0
weekly,0.0
mysql,0.0
weve,0.0
multi task,0.0
whilst,0.0
wide,0.0
wide range,0.0
willing,0.0
window,0.0
natural,0.0
winning,0.0
coding,0.0
multi,0.0
work closely,0.0
work environment,0.0
work fast,0.0
work fast paced,0.0
code,0.0
center,0.0
work hard,0.0
work home,0.0
national,0.0
minimal,0.0
moving,0.0
neededmaintain highest,0.0
combination,0.0
negotiation,0.0
volume production environmentconsistently,0.0
college degree,0.0
vp,0.0
want join,0.0
want work,0.0
warehouse,0.0
neededmaintain highest level,0.0
waste,0.0
way,0.0
neededmaintain,0.0
collaboration,0.0
collaborative,0.0
web application,0.0
web based,0.0
web developer,0.0
web mobile,0.0
website,0.0
website apply,0.0
website apply directly,0.0
website relevant,0.0
website relevant job,0.0
website search,0.0
work independently,0.0
work level,0.0
action,0.0
ability work,0.0
youll work,0.0
young,0.0
youre,0.0
ability communicate,0.0
clean,0.0
ability effectively,0.0
ability learn,0.0
ability manage,0.0
ability multi,0.0
minimum,0.0
ability multi task,0.0
ability work independently,0.0
monthly cost,0.0
monthly,0.0
month work level,0.0
month work,0.0
access,0.0
accommodationswillingness,0.0
accommodationswillingness availability,0.0
accommodationswillingness availability work,0.0
account,0.0
accuracy,0.0
accurate,0.0
achieve,0.0
youll,0.0
york,0.0
work team,0.0
world class,0.0
work time,0.0
closely,0.0
close,0.0
worked,0.0
workflow,0.0
working closely,0.0
workplace,0.0
workshop,0.0
world,0.0
clearly,0.0
motivate,0.0
thousand,0.0
yes,0.0
world leading,0.0
clear,0.0
worldwide,0.0
clean driving,0.0
write,0.0
writing,0.0
written communication,0.0
written communication skill,0.0
written verbal,0.0
monthly cost living,0.0
year old,0.0
cloud,0.0
story,0.0
thought,0.0
push,0.0
qualification,0.0
outcome,0.0
qualified candidate,0.0
quality assurance,0.0
quality standard,0.0
quarterly,0.0
query,0.0
question,0.0
quick,0.0
quickly,0.0
race,0.0
rail,0.0
outbound,0.0
range,0.0
rapid,0.0
rapidly,0.0
rapidly growing,0.0
rate,0.0
rd,0.0
reach,0.0
read,0.0
ready,0.0
real,0.0
real estate,0.0
real time,0.0
really,0.0
receive,0.0
qa,0.0
purpose,0.0
result,0.0
outgoing,0.0
owner,0.0
properly,0.0
owned,0.0
property,0.0
proposal,0.0
proposition,0.0
oversight,0.0
prospect,0.0
oversee,0.0
overall,0.0
protected,0.0
prototype,0.0
proven track,0.0
proven track record,0.0
outstanding,0.0
provided,0.0
provided private,0.0
provided private furnished,0.0
providedairfare,0.0
providedairfare reimbursedexcellent,0.0
outside,0.0
providedairfare reimbursedexcellent student,0.0
provider,0.0
provides,0.0
public,0.0
outgoing shipment,0.0
purchase,0.0
receiving,0.0
recent,0.0
recently,0.0
recommend,0.0
organize,0.0
remote,0.0
repair,0.0
reporting,0.0
reporting documentation,0.0
reporting documentation attention,0.0
represent,0.0
request,0.0
requested,0.0
require,0.0
research,0.0
researching,0.0
residential,0.0
organizational,0.0
resolution,0.0
resolve,0.0
resolving,0.0
organization,0.0
respect,0.0
organisation,0.0
respond,0.0
response,0.0
responsibility include,0.0
responsibility include limited,0.0
responsibility perform,0.0
responsive,0.0
rest,0.0
reliability,0.0
relevant job feel,0.0
relevant job,0.0
regarding,0.0
recommendation,0.0
recruit,0.0
organized,0.0
recruiter,0.0
recruiting,0.0
recruitment,0.0
redirect,0.0
redirect main,0.0
redirect main website,0.0
reference,0.0
referral,0.0
regard,0.0
region,0.0
relevant,0.0
regional,0.0
regular,0.0
regularly,0.0
regulation,0.0
regulatory,0.0
reimbursedexcellent,0.0
reimbursedexcellent student,0.0
reimbursedexcellent student loan,0.0
related,0.0
relation,0.0
relationship client,0.0
release,0.0
proper,0.0
promotional,0.0
promotion,0.0
prepare,0.0
partnership,0.0
play kid,0.0
play kid paid,0.0
player,0.0
point,0.0
point contact,0.0
policy,0.0
policy procedure,0.0
portfolio,0.0
partner,0.0
participation,0.0
position available,0.0
participating,0.0
paper neededmaintain highest,0.0
position working,0.0
positive,0.0
positive attitude,0.0
post,0.0
paper neededmaintain,0.0
paper,0.0
power,0.0
paid love travel,0.0
pr,0.0
practice,0.0
pre,0.0
preferred,0.0
premium,0.0
play,0.0
platform,0.0
plant,0.0
personality,0.0
perform duty,0.0
perform duty assigned,0.0
perform various,0.0
performance,0.0
performs,0.0
period,0.0
perfect,0.0
permanent position,0.0
peer,0.0
permanent position working,0.0
payroll,0.0
payment,0.0
pattern,0.0
party,0.0
perspective,0.0
phase,0.0
photo,0.0
php,0.0
past,0.0
physical,0.0
pick,0.0
pickup,0.0
pipeline,0.0
place,0.0
placement,0.0
passion,0.0
paid love,0.0
preparing,0.0
promoting,0.0
presence,0.0
procedurestake direction,0.0
procedurestake direction supervisor,0.0
paced environment,0.0
processing,0.0
produce,0.0
producing,0.0
product development,0.0
product management,0.0
product manager,0.0
product team,0.0
production environmentconsistently,0.0
production environmentconsistently adhere,0.0
productive,0.0
productivity,0.0
professional development,0.0
professional service,0.0
professionally,0.0
proficiency,0.0
profile,0.0
profit,0.0
profitability,0.0
progress,0.0
project management,0.0
project manager,0.0
project team,0.0
pa,0.0
ownership,0.0
procedurestake,0.0
procedure guidelinesadhere safety,0.0
procedure guidelinesadhere,0.0
paid,0.0
present,0.0
presentation,0.0
press,0.0
pressure,0.0
previous,0.0
price,0.0
pricing,0.0
pride,0.0
primarily,0.0
primary,0.0
primary responsibility,0.0
principle,0.0
print,0.0
procedure,0.0
prior,0.0
prioritize,0.0
priority,0.0
page,0.0
private,0.0
package,0.0
private furnished,0.0
private furnished airfare,0.0
pro,0.0
proactive,0.0
proactively,0.0
problem solving,0.0
restaurant,0.0
retail,0.0
thorough,0.0
start career,0.0
starting,0.0
startup,0.0
state,0.0
statement,0.0
offering,0.0
stay,0.0
step,0.0
stock,0.0
storage,0.0
store,0.0
offer competitive,0.0
strategic,0.0
offer,0.0
street,0.0
strive,0.0
strong,0.0
strong relationship,0.0
structure,0.0
structured,0.0
student,0.0
student loan,0.0
student loan credit,0.0
studio,0.0
study,0.0
stuff,0.0
style,0.0
objective,0.0
starter,0.0
start,0.0
retailer,0.0
star,0.0
sorting,0.0
sorting metering,0.0
sorting metering folding,0.0
sound,0.0
source,0.0
sourcing,0.0
open,0.0
space,0.0
speak,0.0
speaking,0.0
special,0.0
specific,0.0
specifically,0.0
specification,0.0
speed,0.0
spend,0.0
spirit,0.0
ongoing,0.0
sr,0.0
stability,0.0
stack,0.0
old,0.0
staffing,0.0
oil,0.0
officer,0.0
stage,0.0
stakeholder,0.0
subject,0.0
submit,0.0
submit resume,0.0
succeed,0.0
team help,0.0
team leader,0.0
team looking,0.0
team member,0.0
team player,0.0
team responsible,0.0
team supporting,0.0
team supporting continued,0.0
team work,0.0
team working,0.0
teamwork,0.0
tech,0.0
technical support,0.0
technician,0.0
technique,0.0
technology company,0.0
telephone,0.0
tell,0.0
temporary,0.0
nurse,0.0
territory,0.0
test,0.0
number,0.0
thats,0.0
thing,0.0
think,0.0
thinking,0.0
team environment,0.0
team ensure,0.0
nvq,0.0
support team,0.0
successful,0.0
successful candidate,0.0
successfully,0.0
suite,0.0
summary,0.0
super,0.0
object,0.0
superior,0.0
ny,0.0
supervisor site,0.0
supervisor site managermaintain,0.0
nvq kept permanent,0.0
supporting continued,0.0
task include,0.0
supporting continued growth,0.0
sure,0.0
table,0.0
taking,0.0
talented,0.0
talented team,0.0
talented team supporting,0.0
talk,0.0
target,0.0
targeted,0.0
task,0.0
nvq kept,0.0
sort,0.0
solving,0.0
solve,0.0
self,0.0
san francisco,0.0
satisfaction,0.0
satisfying,0.0
satisfying customer,0.0
satisfying customer demand,0.0
scalable,0.0
scale,0.0
scanning,0.0
scheduling,0.0
school,0.0
science,0.0
scope,0.0
screen,0.0
script,0.0
search,0.0
search job,0.0
search website,0.0
search website apply,0.0
searching,0.0
second,0.0
sector,0.0
secure,0.0
security,0.0
seek,0.0
seeking time,0.0
select,0.0
selected,0.0
san,0.0
sale representative,0.0
sale process,0.0
roll,0.0
retention,0.0
return,0.0
reviewing,0.0
right candidate,0.0
right candidate integral,0.0
right person,0.0
risk,0.0
roadmap,0.0
robust,0.0
oral,0.0
option,0.0
role involve,0.0
room,0.0
sale marketing,0.0
optimize,0.0
ruby,0.0
rule,0.0
run,0.0
running,0.0
optimization,0.0
opportunity work,0.0
saas,0.0
safe,0.0
safety procedurestake,0.0
safety procedurestake direction,0.0
opportunity looking,0.0
selection,0.0
self motivated,0.0
solution,0.0
self starter,0.0
ship,0.0
shipment,0.0
shipping,0.0
shop,0.0
short,0.0
sign,0.0
significant,0.0
similar,0.0
simple,0.0
single,0.0
site,0.0
site managermaintain,0.0
site managermaintain log,0.0
situation,0.0
size,0.0
opening website relevant,0.0
skill ability,0.0
skill experience,0.0
skilled,0.0
small,0.0
small team,0.0
smart,0.0
social medium,0.0
opening website,0.0
software engineer,0.0
solid,0.0
open source,0.0
sharing,0.0
share,0.0
operate,0.0
server,0.0
sell,0.0
opportunity join,0.0
opportunity employer,0.0
senior management,0.0
sense,0.0
sensitive,0.0
sensitive material,0.0
operator,0.0
sensitive material like,0.0
seo,0.0
operational,0.0
serve,0.0
operating mailing,0.0
shape,0.0
service associate,0.0
service associate based,0.0
service company,0.0
service provider,0.0
service skill,0.0
service team,0.0
computer science related,0.0
session,0.0
set,0.0
setting,0.0
shall,0.0
operates,0.0
serving,0.0
employer,0.0
computer skill,0.0
video,0.0
version,0.0
verbally,0.0
verbal writtenlifting lb,0.0
verbal writtenlifting,0.0
verbal written communication,0.0
verbal written,0.0
verbal communication skill,0.0
verbal communication,0.0
vendor,0.0
vehicle,0.0
various,0.0
variety,0.0
value,0.0
valid driver license,0.0
ux,0.0
version control,0.0
visit,0.0
building,0.0
visual,0.0
willing,0.0
wide,0.0
weekend,0.0
week,0.0
website,0.0
web technology,0.0
web service,0.0
web development,0.0
web based,0.0
web application,0.0
web,0.0
way,0.0
want,0.0
walk,0.0
volume,0.0
using,0.0
user experience,0.0
used,0.0
use,0.0
track,0.0
tool,0.0
timely,0.0
time management skill,0.0
time management,0.0
time,0.0
tight,0.0
thrive,0.0
thorough,0.0
thinking,0.0
think,0.0
thing,0.0
testing,0.0
test,0.0
tesol celta teaching,0.0
track record,0.0
tracking,0.0
training,0.0
understand,0.0
usability,0.0
unix,0.0
university degree required,0.0
university degree,0.0
university,0.0
unit,0.0
ui,0.0
translate,0.0
type,0.0
twitter,0.0
troubleshooting,0.0
trend,0.0
travel,0.0
transportation,0.0
window,0.0
window environment,0.0
window environment pc,0.0
youll,0.0
area,0.0
apply,0.0
application,0.0
applicant,0.0
annual,0.0
amp,0.0
amazing,0.0
allowance,0.0
agency,0.0
aflac,0.0
additional,0.0
ad,0.0
account,0.0
access,0.0
ability,0.0
assistance,0.0
atmosphere,0.0
attractive,0.0
benefit include,0.0
brand,0.0
big,0.0
best,0.0
benefit package time,0.0
benefit package,0.0
benefit including,0.0
believe,0.0
available,0.0
beer,0.0
based,0.0
base salary,0.0
base,0.0
balance,0.0
awesome,0.0
youre,0.0
year work,0.0
word excel powerpoint,0.0
year relevant,0.0
write,0.0
world,0.0
working knowledge,0.0
worked,0.0
work individually team,0.0
work individually,0.0
work independently,0.0
work fast paced,0.0
work fast,0.0
work experience,0.0
work ethic,0.0
work effectively,0.0
work additional hour,0.0
work additional,0.0
wordpress,0.0
writing,0.0
writing skill,0.0
written communication,0.0
writtenlifting lb accommodationswillingness,0.0
year professional,0.0
year old,0.0
year experience working,0.0
year customer service,0.0
year customer,0.0
xml,0.0
writtenlifting lb,0.0
written communication skill,0.0
writtenlifting,0.0
written verbal communication,0.0
written verbal,0.0
written spoken,0.0
written oral communication,0.0
written oral,0.0
tesol celta,0.0
tesol,0.0
term,0.0
selling,0.0
situation,0.0
site,0.0
similar,0.0
significant,0.0
shift,0.0
share,0.0
shall,0.0
setting,0.0
set,0.0
service skill,0.0
service related experience,0.0
service related,0.0
service experience,0.0
server,0.0
seo,0.0
skill ability,0.0
skill ability work,0.0
skill able,0.0
skill verbal writtenlifting,0.0
skillsstrong,0.0
skillsexcellent,0.0
skillsability,0.0
skilled,0.0
skill year,0.0
skill written,0.0
skill verbal,0.0
skill amp,0.0
skill strong,0.0
skill required word,0.0
skill required,0.0
skill including,0.0
skill experience,0.0
skill excellent,0.0
senior,0.0
sell,0.0
smart,0.0
self starter,0.0
safety,0.0
saas,0.0
running mail posting,0.0
running mail,0.0
running,0.0
ruby,0.0
role,0.0
risk,0.0
right,0.0
review,0.0
revenue,0.0
retail,0.0
resume,0.0
rest,0.0
responsive,0.0
sale experience,0.0
savvy,0.0
scale,0.0
screening criminal background,0.0
self motivated,0.0
security,0.0
sector,0.0
search,0.0
scrum,0.0
scripting,0.0
screening criminal,0.0
schedule,0.0
screening,0.0
screen,0.0
science related,0.0
science,0.0
school diploma ged,0.0
school diploma equivalent,0.0
small,0.0
social,0.0
telephone,0.0
style,0.0
task,0.0
target,0.0
talent,0.0
supporting,0.0
support,0.0
supply,0.0
supervision,0.0
suite,0.0
successfully,0.0
successful candidate,0.0
successful,0.0
success,0.0
submit pre employment,0.0
submit pre,0.0
submit,0.0
tasksability,0.0
tasksability meet,0.0
tasksability meet employer,0.0
tech,0.0
tefl tesol celta,0.0
tefl tesol,0.0
tefl,0.0
technology,0.0
technique,0.0
technical,0.0
team player,0.0
teaching,0.0
team member,0.0
team environmentcompetency performing,0.0
team environmentcompetency,0.0
team environment,0.0
teaching experience preferred,0.0
teaching experience,0.0
subject,0.0
study,0.0
social medium,0.0
student,0.0
specification,0.0
specific,0.0
speaking,0.0
speak,0.0
spanish,0.0
space,0.0
source,0.0
sound,0.0
solving skill,0.0
solve,0.0
solution,0.0
solid understanding,0.0
solid,0.0
software development,0.0
software,0.0
spoken,0.0
sql,0.0
sql server,0.0
strategic,0.0
structure,0.0
strongly,0.0
strong understanding,0.0
strong interpersonal,0.0
strong communication,0.0
strong analytical,0.0
story,0.0
stack,0.0
status,0.0
startup,0.0
start,0.0
stand,0.0
stakeholder,0.0
staff,0.0
build,0.0
business,0.0
concept,0.0
protected,0.0
project,0.0
program,0.0
professional,0.0
product,0.0
process,0.0
problem,0.0
potential,0.0
position,0.0
policy,0.0
plus,0.0
plenty,0.0
play,0.0
plan company match,0.0
plan company,0.0
place,0.0
prospect,0.0
provide,0.0
candidate,0.0
provided,0.0
relaxed,0.0
reimbursement,0.0
regard race,0.0
regard,0.0
reference,0.0
receive,0.0
real,0.0
rate,0.0
race,0.0
quarterly,0.0
quality,0.0
qualified,0.0
qualification,0.0
pto,0.0
provides,0.0
personal,0.0
perk,0.0
period,0.0
performance,0.0
online,0.0
office,0.0
offering,0.0
offered,0.0
offer competitive salary,0.0
offer competitive,0.0
new,0.0
need,0.0
national origin,0.0
national,0.0
motivated,0.0
monthly,0.0
month employment,0.0
month,0.0
mobile,0.0
open,0.0
opportunity,0.0
opportunity employer,0.0
package time employee,0.0
passionate,0.0
paid vacation,0.0
paid time,0.0
paid holiday,0.0
paid,0.0
page,0.0
package time,0.0
opportunity work,0.0
package including,0.0
paced,0.0
outside,0.0
origin,0.0
organization,0.0
option,0.0
religion,0.0
remuneration,0.0
responsibility,0.0
success,0.0
use,0.0
unlimited,0.0
travel,0.0
training,0.0
tool,0.0
time employee,0.0
thing,0.0
term disability,0.0
term,0.0
technology,0.0
tech,0.0
talented,0.0
talent,0.0
support,0.0
supplemental,0.0
vacation,0.0
value,0.0
veteran,0.0
work environment,0.0
youll,0.0
year,0.0
world,0.0
workplace,0.0
working environment,0.0
working,0.0
week,0.0
vision,0.0
website,0.0
web,0.0
way,0.0
want,0.0
visit,0.0
vision insurance,0.0
successful,0.0
structure,0.0
result,0.0
strong,0.0
short,0.0
share,0.0
sex,0.0
service,0.0
send,0.0
scheme,0.0
schedule,0.0
sale,0.0
salary plus,0.0
salary benefit,0.0
role,0.0
right,0.0
reward,0.0
retirement,0.0
resume,0.0
short term,0.0
sick,0.0
sick leave,0.0
staff,0.0
stocked,0.0
stock option,0.0
stock,0.0
status,0.0
startup,0.0
start,0.0
spending,0.0
site,0.0
solution,0.0
software,0.0
social,0.0
snack,0.0
smart,0.0
skill,0.0
membership,0.0
member,0.0
medium,0.0
dental life,0.0
employment,0.0
employer,0.0
education,0.0
edge,0.0
dynamic,0.0
drink,0.0
door,0.0
discount,0.0
disability,0.0
digital,0.0
development,0.0
develop,0.0
description,0.0
depending,0.0
dependent,0.0
end,0.0
enjoy,0.0
environment,0.0
expense,0.0
flexible,0.0
field,0.0
fast paced,0.0
fast growing,0.0
fast,0.0
family,0.0
expect,0.0
equal,0.0
exciting,0.0
excellent,0.0
event,0.0
equity,0.0
equal opportunity employer,0.0
equal opportunity,0.0
dental vision,0.0
data,0.0
following,0.0
cv,0.0
come,0.0
color,0.0
colleague,0.0
collaborative,0.0
coffee,0.0
client,0.0
choice,0.0
check,0.0
chance,0.0
challenging,0.0
center,0.0
catered,0.0
career prospect,0.0
career,0.0
care,0.0
commission,0.0
communication,0.0
company match,0.0
contract,0.0
customer,0.0
culture,0.0
creative,0.0
create,0.0
coverage,0.0
cover,0.0
conference,0.0
company offer,0.0
comprehensive benefit package,0.0
comprehensive benefit,0.0
comprehensive,0.0
competitive salary,0.0
competitive compensation,0.0
compensation package,0.0
follow,0.0
food,0.0
medical dental vision,0.0
insurance,0.0
line,0.0
like,0.0
life insurance,0.0
life balance,0.0
life,0.0
level,0.0
leave,0.0
learning,0.0
learn,0.0
leading,0.0
know,0.0
join,0.0
job description,0.0
job,0.0
interview,0.0
located,0.0
location,0.0
london,0.0
make,0.0
medical dental,0.0
mean,0.0
match,0.0
marketing,0.0
market,0.0
management,0.0
major,0.0
long,0.0
lunch,0.0
love,0.0
lot,0.0
looking,0.0
long term disability,0.0
long term,0.0
international,0.0
innovative,0.0
forward,0.0
information,0.0
gym membership,0.0
gym,0.0
growing,0.0
grow,0.0
group,0.0
great,0.0
good,0.0
global,0.0
generous,0.0
future,0.0
fun,0.0
fully,0.0
friendly,0.0
friday,0.0
free,0.0
happy,0.0
hard,0.0
health,0.0
idea,0.0
industry,0.0
individual,0.0
including,0.0
include,0.0
incentive,0.0
impact,0.0
home,0.0
health insurance,0.0
highly,0.0
high,0.0
help,0.0
heart,0.0
healthy,0.0
healthcare,0.0
responsibility,0.0
resource,0.0
resolve,0.0
fluent english,0.0
fluency,0.0
flexible,0.0
flexibility,0.0
financial,0.0
finance,0.0
file,0.0
field,0.0
feedback,0.0
feature,0.0
fast paced environment,0.0
fast paced,0.0
fast,0.0
familiarity,0.0
familiar,0.0
facing,0.0
fluent,0.0
focus,0.0
research,0.0
focused,0.0
git,0.0
german,0.0
general,0.0
ged,0.0
future,0.0
funding,0.0
functional tasksability meet,0.0
functional tasksability,0.0
fun,0.0
friendly,0.0
french,0.0
framework,0.0
forward,0.0
form,0.0
follow,0.0
facebook,0.0
face,0.0
eye,0.0
extensive,0.0
experience managing,0.0
experience following,0.0
experience experience,0.0
experience developing,0.0
experience designing,0.0
experience building,0.0
expected,0.0
expectation,0.0
existing,0.0
executive,0.0
execution,0.0
execute,0.0
exceptional,0.0
excellent written verbal,0.0
excellent written,0.0
experience minimum,0.0
experience minimum year,0.0
experience plus,0.0
experience year,0.0
exposure,0.0
expertise,0.0
expert,0.0
experienceexperience,0.0
experienced,0.0
experience year experience,0.0
experience software,0.0
experience preferred,0.0
experience running mail,0.0
experience running,0.0
experience requiredhigh school,0.0
experience requiredhigh,0.0
experience preferred necessarypositive,0.0
experience preferred necessarycanada,0.0
global,0.0
goal,0.0
good communication,0.0
ideal candidate,0.0
individually team environmentcompetency,0.0
individually team,0.0
individually,0.0
independent,0.0
including,0.0
include,0.0
improvement,0.0
improve,0.0
important,0.0
implementing,0.0
implementation,0.0
implement,0.0
impact,0.0
illustrator,0.0
identify,0.0
infrastructure,0.0
innovative,0.0
inside,0.0
interpersonal,0.0
ip,0.0
io,0.0
interview,0.0
interpersonal skill,0.0
interpersonal communication skill,0.0
interpersonal communication,0.0
international,0.0
insurance,0.0
internal,0.0
interface,0.0
interested,0.0
interaction,0.0
interact,0.0
integration,0.0
ideally,0.0
ideal,0.0
good knowledge,0.0
idea,0.0
handle,0.0
hand experience,0.0
hand,0.0
guide,0.0
growth,0.0
growing,0.0
grow,0.0
group,0.0
great,0.0
graphic,0.0
graduate,0.0
government funding,0.0
government,0.0
google,0.0
good understanding,0.0
handle multiple,0.0
handling,0.0
hard,0.0
holder,0.0
human,0.0
html javascript,0.0
html,0.0
hr,0.0
hour assignedwillingness submit,0.0
hour assignedwillingness,0.0
history,0.0
hardware,0.0
highly,0.0
high volume,0.0
high level,0.0
helping,0.0
help,0.0
health,0.0
excellent verbal written,0.0
excellent verbal,0.0
excellent communication skill,0.0
date,0.0
demonstrable,0.0
delivery,0.0
delivering,0.0
deliver,0.0
degree year,0.0
degree required tefl,0.0
degree required,0.0
degree preferred,0.0
degree equivalent,0.0
degree computer science,0.0
degree computer,0.0
deep,0.0
decision making,0.0
decision,0.0
deal,0.0
demonstrate,0.0
demonstrated,0.0
demonstrated ability,0.0
desired,0.0
development experience,0.0
developer,0.0
develop,0.0
detailed,0.0
desktop,0.0
desired skill,0.0
desire,0.0
department,0.0
desirable,0.0
designing,0.0
designer,0.0
design,0.0
depth,0.0
deployment,0.0
day,0.0
database,0.0
different,0.0
daily,0.0
corporate,0.0
core,0.0
copy,0.0
control,0.0
contract,0.0
continuous,0.0
content,0.0
contact,0.0
consumer,0.0
consulting,0.0
construction,0.0
considered,0.0
configuration,0.0
confident,0.0
conduct,0.0
cost,0.0
create,0.0
creating,0.0
cross functional,0.0
cycle,0.0
customer service skill,0.0
customer service related,0.0
customer service,0.0
current,0.0
culture,0.0
cross,0.0
creative,0.0
crm,0.0
critical,0.0
criminal background checkability,0.0
criminal background,0.0
criminal,0.0
creativity,0.0
device,0.0
digital,0.0
excel powerpoint preferred,0.0
employer attendance,0.0
environment pc,0.0
entry,0.0
entrepreneurial,0.0
enterprise,0.0
ensure,0.0
enjoy,0.0
english language,0.0
engineer,0.0
engagement,0.0
energy,0.0
energetic,0.0
end,0.0
employment drug screening,0.0
employment drug,0.0
employment,0.0
environment pc skill,0.0
environmentability,0.0
environmentcompetency,0.0
equivalent work,0.0
excel powerpoint,0.0
event,0.0
evening,0.0
ethic,0.0
essential,0.0
especially,0.0
equivalent ged,0.0
environmentcompetency performing,0.0
equivalent experience,0.0
equivalent,0.0
equipment plusexcellent communication,0.0
equipment plusexcellent,0.0
equipment,0.0
environmentcompetency performing multiple,0.0
employer attendance policy,0.0
employee,0.0
digital marketing,0.0
efficiently,0.0
drive,0.0
documentation,0.0
document,0.0
diverse,0.0
distributed,0.0
display,0.0
discipline,0.0
disability,0.0
directly,0.0
direction,0.0
direct,0.0
diploma ged,0.0
diploma equivalent ged,0.0
diploma equivalent,0.0
diploma,0.0
driven,0.0
driver,0.0
driver license,0.0
education experience,0.0
efficient,0.0
effectively work individually,0.0
effectively work,0.0
effectively,0.0
effective,0.0
educational,0.0
education,0.0
driving,0.0
editing,0.0
dynamic,0.0
duty,0.0
drug screening criminal,0.0
drug screening,0.0
driving record,0.0
issue,0.0
java,0.0
javascript,0.0
policy,0.0
pre,0.0
practice,0.0
practical,0.0
powerpoint preferred experience,0.0
powerpoint preferred,0.0
pound,0.0
potential,0.0
posting equipment plusexcellent,0.0
posting equipment,0.0
posting,0.0
post,0.0
possible,0.0
positive attitude,0.0
positive,0.0
position,0.0
pre employment,0.0
pre employment drug,0.0
preferably,0.0
present,0.0
principle,0.0
previous experience,0.0
previous,0.0
pressure,0.0
presentation skill,0.0
presentation,0.0
preferred year,0.0
preferred experience,0.0
preferred required,0.0
preferred necessarypositive attitude,0.0
preferred necessarypositive,0.0
preferred necessarycanada passport,0.0
preferred necessarycanada,0.0
preferred experience running,0.0
portfolio,0.0
point,0.0
prior,0.0
plusexcellent communication skill,0.0
people,0.0
pc skill required,0.0
pc skill,0.0
pc,0.0
pattern,0.0
passport holder,0.0
passport,0.0
passionate,0.0
passion,0.0
party,0.0
partner,0.0
participate,0.0
page,0.0
package,0.0
paced environment,0.0
perform,0.0
performance,0.0
performing,0.0
physical,0.0
plusexcellent communication,0.0
plusexcellent,0.0
player,0.0
platform,0.0
planning,0.0
plan,0.0
photoshop illustrator,0.0
performing multiple,0.0
photoshop,0.0
personnel,0.0
personality,0.0
person,0.0
period time,0.0
performing multiple functional,0.0
print,0.0
prioritize,0.0
pa,0.0
real,0.0
request,0.0
representative,0.0
reporting,0.0
report,0.0
remote,0.0
relevant,0.0
relationship,0.0
relational,0.0
relation,0.0
related field,0.0
related experience requiredhigh,0.0
related experience,0.0
related,0.0
regular,0.0
reference,0.0
require,0.0
required canada,0.0
required canada passport,0.0
requiredhigh school diploma,0.0
requires,0.0
requirement year,0.0
requirement minimum month,0.0
requirement minimum,0.0
requiredpreferred qualification,0.0
requiredpreferred,0.0
requiredhigh school,0.0
required qualification,0.0
requiredhigh,0.0
required word excel,0.0
required word,0.0
required tefl tesol,0.0
required tefl,0.0
required skill,0.0
record,0.0
read,0.0
priority,0.0
range,0.0
project management,0.0
project,0.0
programming,0.0
program,0.0
proficiency,0.0
professional experience,0.0
professional,0.0
production,0.0
produce,0.0
processing,0.0
procedure,0.0
problem solving skill,0.0
problem solving,0.0
problem,0.0
proactive,0.0
protocol,0.0
proven,0.0
proven ability,0.0
qualified,0.0
rail,0.0
quickly,0.0
quick,0.0
question,0.0
quantitative,0.0
quality,0.0
qualification,0.0
proven experience,0.0
python,0.0
public,0.0
providing,0.0
provided,0.0
provide,0.0
proven track record,0.0
paced,0.0
ownership,0.0
job,0.0
long period,0.0
management skill,0.0
management experience,0.0
manage multiple,0.0
manage,0.0
making,0.0
make,0.0
major,0.0
maintenance,0.0
maintaining,0.0
maintain,0.0
mail posting equipment,0.0
mail posting,0.0
mail,0.0
love,0.0
looking,0.0
manager,0.0
managing,0.0
manner,0.0
meet employer attendance,0.0
microsoft,0.0
metric,0.0
methodology,0.0
method,0.0
member,0.0
meeting,0.0
meet employer,0.0
master,0.0
medium,0.0
medical,0.0
mechanical,0.0
math,0.0
material,0.0
master degree,0.0
long period time,0.0
long,0.0
minimal,0.0
location,0.0
lb,0.0
law,0.0
latest,0.0
language,0.0
knowledge skill,0.0
knowledge experience,0.0
know,0.0
keyboarding window environment,0.0
keyboarding window,0.0
keyboarding,0.0
key,0.0
keen,0.0
json,0.0
jquery,0.0
journalism,0.0
lb accommodationswillingness,0.0
lb accommodationswillingness availability,0.0
leader,0.0
like,0.0
local,0.0
live,0.0
listening,0.0
list,0.0
linux,0.0
limited,0.0
lift lb,0.0
leadership,0.0
license,0.0
library,0.0
learning,0.0
learn new,0.0
learn,0.0
leading,0.0
microsoft office,0.0
minimum month,0.0
overall,0.0
networking,0.0
operation,0.0
operating,0.0
operate,0.0
open source,0.0
online,0.0
old,0.0
office suite,0.0
offer,0.0
objective,0.0
object oriented,0.0
object,0.0
number,0.0
nosql,0.0
non,0.0
nice,0.0
operational,0.0
opportunity,0.0
optimization,0.0
organizational skill,0.0
outstanding,0.0
outside,0.0
outlook,0.0
oriented,0.0
organized,0.0
organize,0.0
organizational,0.0
oracle,0.0
organization,0.0
order,0.0
oral written communication,0.0
oral written,0.0
oral communication,0.0
oral,0.0
new technology,0.0
network,0.0
minimum month customer,0.0
net,0.0
multi,0.0
moving,0.0
motivation,0.0
month customer service,0.0
month customer,0.0
month,0.0
monitoring,0.0
modern,0.0
modeling,0.0
model,0.0
mobile,0.0
minimum year experience,0.0
minimum year,0.0
minimum requirement minimum,0.0
minimum requirement,0.0
multi task,0.0
multiple,0.0
multiple functional,0.0
necessarycanada passport holder,0.0
negotiation,0.0
needed,0.0
need,0.0
necessarypositive attitude required,0.0
necessarypositive attitude,0.0
necessarypositive,0.0
necessarycanada passport,0.0
multiple functional tasksability,0.0
necessarycanada,0.0
necessary,0.0
native,0.0
mysql,0.0
mvc,0.0
multiple project,0.0
mind,0.0
key responsibility,0.0
military,0.0
looking,0.0
let,0.0
led,0.0
leave,0.0
learning team passionate,0.0
learning team,0.0
learning,0.0
learner enrolled start,0.0
learner enrolled,0.0
learner,0.0
learn,0.0
leadership,0.0
lead,0.0
launched,0.0
latest digital tool,0.0
latest digital,0.0
level,0.0
line,0.0
list,0.0
london,0.0
long term relevant,0.0
long term,0.0
long successful career,0.0
long successful,0.0
long lasting,0.0
long,0.0
located,0.0
listening,0.0
local,0.0
llc professional service,0.0
llc professional,0.0
llc,0.0
live,0.0
little,0.0
latest,0.0
late,0.0
lasting,0.0
investor,0.0
job work,0.0
job role official,0.0
job role,0.0
job abroad,0.0
io,0.0
involved,0.0
investment,0.0
join team,0.0
invest,0.0
interview,0.0
internet,0.0
internationally,0.0
interested finding recruiting,0.0
interested finding,0.0
job work closely,0.0
joining,0.0
largest,0.0
known,0.0
large company interested,0.0
large company,0.0
large,0.0
language,0.0
lab,0.0
la,0.0
knowledge,0.0
journalism,0.0
know,0.0
kind,0.0
key,0.0
keeping,0.0
journalism based global,0.0
journalism based,0.0
look,0.0
looking people,0.0
mid,0.0
lot,0.0
mission,0.0
minded,0.0
mind,0.0
million people,0.0
million,0.0
middle,0.0
method,0.0
memetics llc professional,0.0
memetics llc,0.0
memetics,0.0
member,0.0
meeting,0.0
meet need,0.0
medium large company,0.0
medium large,0.0
mission help,0.0
mission help wishing,0.0
mistake,0.0
multi,0.0
national training,0.0
national,0.0
nation,0.0
multiple,0.0
multi faceted digital,0.0
multi faceted,0.0
motivated,0.0
mobile,0.0
month,0.0
money,0.0
modern,0.0
model journalism based,0.0
model journalism,0.0
model,0.0
medium,0.0
medical,0.0
measure,0.0
manage consumer,0.0
management solution help,0.0
management solution,0.0
management service delivers,0.0
management service,0.0
managed,0.0
manage consumer purpose,0.0
manage,0.0
managing,0.0
making,0.0
make,0.0
major,0.0
maintain,0.0
lunch,0.0
love,0.0
manager,0.0
manner,0.0
meaningful,0.0
maximise,0.0
mean,0.0
maximize result trusted,0.0
maximize result,0.0
maximize,0.0
maximise opportunity created,0.0
maximise opportunity,0.0
match,0.0
manufacturing,0.0
massive,0.0
marketplace,0.0
marketing,0.0
market,0.0
manufacturing highly technical,0.0
manufacturing highly,0.0
interested,0.0
interactive,0.0
interaction drive growth,0.0
interaction drive,0.0
help company world,0.0
help company,0.0
help client maximise,0.0
help client,0.0
heart,0.0
hear,0.0
healthy,0.0
health,0.0
headquartered,0.0
hardware,0.0
hard,0.0
happy,0.0
hand,0.0
growth,0.0
grown,0.0
help teacher,0.0
help teacher safe,0.0
help wishing,0.0
hire,0.0
home,0.0
holiday,0.0
hold,0.0
history,0.0
hiring process,0.0
hiring,0.0
highly technical non,0.0
help wishing pursue,0.0
highly technical,0.0
highly,0.0
highest,0.0
high quality candidate,0.0
high quality,0.0
helping,0.0
growing team,0.0
growing company,0.0
growing,0.0
generation,0.0
global story,0.0
global event content,0.0
global event,0.0
global audience,0.0
global,0.0
getting,0.0
gas industry,0.0
globe,0.0
gas,0.0
game,0.0
gain,0.0
future,0.0
funding,0.0
funded,0.0
global story case,0.0
goal,0.0
grow education whilst,0.0
greater,0.0
grow education,0.0
grow,0.0
group,0.0
greece,0.0
greater clarity deeper,0.0
greater clarity,0.0
great relationship number,0.0
goal build,0.0
great relationship,0.0
great,0.0
government,0.0
google,0.0
good,0.0
goal build better,0.0
homeowner,0.0
honesty,0.0
hope,0.0
information solution pre,0.0
insight,0.0
innovative document communication,0.0
innovative document,0.0
innovation,0.0
initiative,0.0
initial,0.0
information solution,0.0
inspire original,0.0
india,0.0
independently,0.0
independent,0.0
independence,0.0
increase productivity reduce,0.0
increase productivity maximize,0.0
inspire,0.0
inspire original thinking,0.0
increase,0.0
integrate optimize enterprise,0.0
interaction,0.0
intelligence,0.0
integrity,0.0
integrating delivering best,0.0
integrating delivering,0.0
integrating,0.0
integrate optimize,0.0
installation,0.0
integrate,0.0
insurance,0.0
institution,0.0
institute recruiter study,0.0
institute recruiter,0.0
institute,0.0
increase productivity,0.0
including,0.0
hope add,0.0
hr practice house,0.0
human right,0.0
human resource,0.0
human behaviour strategy,0.0
human behaviour,0.0
human,0.0
huge,0.0
hr practice,0.0
idea,0.0
hr,0.0
house recruitment agency,0.0
house recruitment,0.0
house,0.0
hour,0.0
hope add greater,0.0
human right democracy,0.0
ideal,0.0
includes,0.0
improve,0.0
include,0.0
improvement,0.0
improve customer satisfaction,0.0
improve customer,0.0
improve client work,0.0
improve client,0.0
important,0.0
ideal candidate,0.0
implementation work explores,0.0
implementation work,0.0
implementation team connected,0.0
implementation team,0.0
implementation,0.0
impact,0.0
national training provider,0.0
net,0.0
new model,0.0
provide time,0.0
relationship number national,0.0
relationship number,0.0
relationship,0.0
regular,0.0
reduce cost improve,0.0
reduce cost,0.0
reduce,0.0
recruitmentit mission help,0.0
recruitmentit mission,0.0
recruitmentit,0.0
recruitment agency recruitmentit,0.0
recruitment agency,0.0
recruiting high quality,0.0
recruiting high,0.0
recruiter study course,0.0
relevant,0.0
relevant job,0.0
relevant job role,0.0
resource,0.0
result trusted,0.0
restaurant,0.0
respective field work,0.0
respective field,0.0
respective,0.0
respect,0.0
research,0.0
remain,0.0
requires,0.0
require new way,0.0
require new,0.0
require,0.0
reputation,0.0
representative,0.0
recruiter study,0.0
recruiter,0.0
record,0.0
pursue,0.0
putting people wish,0.0
putting people,0.0
putting,0.0
push,0.0
pursue apprenticeship right,0.0
pursue apprenticeship,0.0
purpose inspire original,0.0
qualification right,0.0
purpose inspire,0.0
purpose,0.0
public,0.0
provider ensure cover,0.0
provider ensure,0.0
provider,0.0
qualification,0.0
qualification right job,0.0
recognized,0.0
reach,0.0
recognition,0.0
receive,0.0
really,0.0
real time,0.0
real,0.0
ready,0.0
rate,0.0
qualified,0.0
rapidly,0.0
raised,0.0
quickly,0.0
question,0.0
quality candidate engineering,0.0
quality candidate,0.0
result trusted partner,0.0
resume,0.0
retail,0.0
sell,0.0
senior,0.0
send,0.0
selling,0.0
seller institute recruiter,0.0
seller institute,0.0
seller,0.0
self,0.0
serve,0.0
selection,0.0
seeking,0.0
seek,0.0
security,0.0
secure technology enabled,0.0
secure technology,0.0
sense,0.0
service company,0.0
secure job,0.0
share,0.0
simple,0.0
signing,0.0
significant,0.0
siding,0.0
shop,0.0
sharing,0.0
set,0.0
service company dedicated,0.0
serving,0.0
servicing,0.0
service provides,0.0
service founded,0.0
service delivers innovative,0.0
service delivers,0.0
secure job abroad,0.0
secure,0.0
retailer,0.0
right job work,0.0
room,0.0
role official seller,0.0
role official,0.0
role,0.0
right qualification right,0.0
right qualification,0.0
right job,0.0
saas,0.0
right democracy world,0.0
right democracy,0.0
right,0.0
reward,0.0
revenue,0.0
return,0.0
run,0.0
safe,0.0
sector,0.0
satisfaction year client,0.0
search,0.0
science,0.0
school,0.0
scale,0.0
saving,0.0
save,0.0
satisfaction year,0.0
safe amp,0.0
satisfaction,0.0
san francisco,0.0
san,0.0
sale,0.0
salary,0.0
safe amp secure,0.0
provide time permanent,0.0
proud,0.0
new model journalism,0.0
promote,0.0
paced,0.0
owned,0.0
outstanding,0.0
outsourcing,0.0
outside,0.0
original thinking deeper,0.0
original thinking,0.0
original,0.0
organisation,0.0
order,0.0
optimized,0.0
optimize enterprise wide,0.0
optimize enterprise,0.0
optimize,0.0
opportunity work,0.0
paid,0.0
partner,0.0
partner continually,0.0
pay,0.0
perfect,0.0
people wish grow,0.0
people wish,0.0
people want,0.0
people thrive,0.0
people,0.0
patient,0.0
partner continually focus,0.0
past,0.0
passionate consultant drive,0.0
passionate consultant,0.0
passionate,0.0
passion,0.0
partnership,0.0
opportunity created changing,0.0
opportunity created,0.0
operation,0.0
non technical,0.0
number,0.0
novitex enterprise solution,0.0
novitex enterprise,0.0
novitex,0.0
north,0.0
non technical job,0.0
non,0.0
number national training,0.0
new zealand,0.0
new york city,0.0
new york,0.0
new way thinking,0.0
new way,0.0
new skill,0.0
number national,0.0
offer wide,0.0
operating,0.0
oil amp gas,0.0
operated,0.0
opening,0.0
open position,0.0
open,0.0
ongoing,0.0
old,0.0
oil amp,0.0
offer wide range,0.0
oil,0.0
official seller institute,0.0
official seller,0.0
official,0.0
office,0.0
offering,0.0
performance,0.0
perk,0.0
permanent,0.0
principle time,0.0
process efficiency increase,0.0
process efficiency,0.0
problem,0.0
private sector,0.0
private,0.0
principle time education,0.0
principle,0.0
process empower employee,0.0
pride,0.0
price,0.0
present,0.0
presence,0.0
premium,0.0
premier,0.0
process empower,0.0
process enhance,0.0
pre conflict,0.0
professional course,0.0
project,0.0
profit,0.0
professionalism,0.0
professional service company,0.0
professional service,0.0
professional course hr,0.0
productivity reduce cost,0.0
process enhance customer,0.0
productivity reduce,0.0
productivity maximize result,0.0
productivity maximize,0.0
productivity,0.0
productive,0.0
production,0.0
pre conflict conflict,0.0
pre,0.0
permanent position,0.0
pitney bowes management,0.0
play,0.0
planning,0.0
plan,0.0
placement,0.0
place work,0.0
place,0.0
pitney bowes,0.0
plenty,0.0
pitney,0.0
philosophy,0.0
phase,0.0
personal,0.0
person,0.0
permanent position medium,0.0
player,0.0
plus,0.0
practice house recruitment,0.0
potential,0.0
practice house,0.0
practice communication information,0.0
practice communication,0.0
practice,0.0
practical,0.0
power,0.0
post conflict area,0.0
point,0.0
post conflict,0.0
post,0.0
possible,0.0
position medium large,0.0
position medium,0.0
portfolio,0.0
fund,0.0
fun,0.0
fully,0.0
available,0.0
built,0.0
building,0.0
build better user,0.0
build better,0.0
budget,0.0
broadcast global audience,0.0
broadcast global,0.0
broadcast,0.0
bring,0.0
brand require new,0.0
brand require,0.0
brand new,0.0
brand,0.0
box,0.0
bowes management service,0.0
business intelligence,0.0
business process,0.0
business process efficiency,0.0
capability,0.0
carefully,0.0
career opportunity,0.0
career great relationship,0.0
career great,0.0
care,0.0
capital,0.0
candidate engineering manufacturing,0.0
business process empower,0.0
candidate engineering,0.0
candidate employer ensure,0.0
candidate employer,0.0
canada,0.0
campaign,0.0
california,0.0
bowes management,0.0
bowes,0.0
boutique,0.0
base,0.0
beautiful,0.0
beach,0.0
basis,0.0
based global story,0.0
based global,0.0
based company,0.0
bank,0.0
behaviour,0.0
balance,0.0
background,0.0
backed,0.0
awesome,0.0
away,0.0
award winning,0.0
beauty,0.0
behaviour strategy,0.0
boundary,0.0
better user,0.0
book,0.0
bonus,0.0
biggest,0.0
big data,0.0
big,0.0
better user experience,0.0
better,0.0
behaviour strategy implementation,0.0
best practice communication,0.0
best practice,0.0
best,0.0
berlin,0.0
benefit,0.0
believe,0.0
case,0.0
case struggle,0.0
case struggle human,0.0
communication management solution,0.0
company founded,0.0
company dedicated integrating,0.0
company dedicated,0.0
community,0.0
communication solution improve,0.0
communication solution,0.0
communication management,0.0
company interested finding,0.0
communication information solution,0.0
communication information,0.0
communication,0.0
committed,0.0
commitment,0.0
commercial,0.0
company interested,0.0
company market,0.0
come join,0.0
conflict,0.0
conflict post conflict,0.0
conflict post,0.0
conflict conflict post,0.0
conflict conflict,0.0
conflict area world,0.0
conflict area,0.0
confidence,0.0
company world drive,0.0
concern,0.0
concept,0.0
comprehensive,0.0
complex,0.0
competitive,0.0
compensation,0.0
commerce,0.0
come,0.0
center,0.0
changing,0.0
clarity,0.0
city,0.0
choice,0.0
check,0.0
changing digital world,0.0
changing digital,0.0
changed brand require,0.0
clarity deeper understanding,0.0
changed brand,0.0
change world,0.0
change,0.0
challenging,0.0
challenge,0.0
central,0.0
clarity deeper,0.0
class,0.0
combine,0.0
closely candidate,0.0
collaborative,0.0
collaboration,0.0
coffee,0.0
cloud based,0.0
cloud,0.0
closely candidate employer,0.0
closely,0.0
clear,0.0
client work process,0.0
client work,0.0
client turned integrate,0.0
client turned,0.0
client maximise opportunity,0.0
client maximise,0.0
award,0.0
auto,0.0
connected,0.0
australia,0.0
graduate english,0.0
graduate,0.0
executive,0.0
entry,0.0
english teacher abroad,0.0
english teacher,0.0
english,0.0
engineer,0.0
end,0.0
director,0.0
digital,0.0
designer,0.0
customer service associate,0.0
coordinator,0.0
conversational,0.0
graduate english teacher,0.0
intern,0.0
io,0.0
old,0.0
service associate,0.0
senior,0.0
sale representative,0.0
sale manager,0.0
product,0.0
operation,0.0
office,0.0
java,0.0
na year old,0.0
na year,0.0
na,0.0
marketing,0.0
management,0.0
lead,0.0
consultant,0.0
business development,0.0
business,0.0
company_profile_excessive_punctuation,0.0
description_all_caps_words,0.0
description_excessive_punctuation,0.0
description_pressure_score,0.0
description_guarantee_score,0.0
description_urgency_score,0.0
company_profile_all_caps_words,0.0
company_profile_pressure_score,0.0
requirements_guarantee_score,0.0
company_profile_guarantee_score,0.0
company_profile_urgency_score,0.0
title_all_caps_words,0.0
title_excessive_punctuation,0.0
title_pressure_score,0.0
title_guarantee_score,0.0
requirements_urgency_score,0.0
requirements_pressure_score,0.0
associate,0.0
abroad conversational,0.0
apprenticeship,0.0
application,0.0
administrator,0.0
account manager,0.0
account executive,0.0
account,0.0
abroad,0.0
requirements_excessive_punctuation,0.0
benefits_all_caps_words,0.0
benefits_excessive_punctuation,0.0
benefits_pressure_score,0.0
benefits_guarantee_score,0.0
benefits_urgency_score,0.0
requirements_all_caps_words,0.0
software,0.0
sr,0.0
support,0.0
analytics,0.0
applied memetics llc,0.0
applied memetics,0.0
applied,0.0
application,0.0
app,0.0
android,0.0
analysis,0.0
apprenticeship,0.0
ample,0.0
amp secure job,0.0
amp secure,0.0
amp gas,0.0
american,0.0
america,0.0
apply,0.0
apprenticeship available,0.0
amazing,0.0
art,0.0
audience,0.0
auckland,0.0
athens,0.0
associate,0.0
assist,0.0
asset,0.0
array,0.0
apprenticeship right,0.0
area world changed,0.0
area world,0.0
apps,0.0
approximately,0.0
appropriate,0.0
apprenticeship right qualification,0.0
ambitious,0.0
allows,0.0
teacher,0.0
year old,0.0
activity,0.0
action,0.0
acquisition,0.0
abroad,0.0
able,0.0
ability,0.0
year,0.0
add greater,0.0
web developer,0.0
web,0.0
technician,0.0
technical,0.0
teacher abroad conversational,0.0
teacher abroad,0.0
add,0.0
add greater clarity,0.0
allow,0.0
advantage,0.0
aim,0.0
agile,0.0
agency recruitmentit mission,0.0
agency recruitmentit,0.0
affordable,0.0
advertising,0.0
advancement,0.0
added,0.0
advanced,0.0
administration,0.0
address,0.0
adding context content,0.0
adding context,0.0
adding,0.0
connect,0.0
connected specialist,0.0
friendly,0.0
east,0.0
english broadcast,0.0
english,0.0
engineering manufacturing highly,0.0
engineering manufacturing,0.0
engineer,0.0
engaging,0.0
engagement conversation surrounding,0.0
engagement conversation,0.0
engagement,0.0
engage manage consumer,0.0
engage manage,0.0
engage,0.0
energy,0.0
energetic,0.0
end end,0.0
english broadcast global,0.0
enhance,0.0
enhance customer,0.0
ensure learner,0.0
enterprise wide,0.0
enterprise solution pitney,0.0
enterprise solution,0.0
enterprise,0.0
ensuring,0.0
ensure learner enrolled,0.0
ensure cover apprenticeship,0.0
enhance customer interaction,0.0
ensure cover,0.0
ensure,0.0
enrolled start long,0.0
enrolled start,0.0
enrolled,0.0
enjoy,0.0
end,0.0
encourage,0.0
enabling,0.0
education whilst working,0.0
efficient,0.0
efficiency increase productivity,0.0
efficiency increase,0.0
efficiency,0.0
effective,0.0
educational,0.0
education whilst,0.0
emphasis,0.0
education spectrum learning,0.0
education spectrum,0.0
education,0.0
edge technology,0.0
edge,0.0
economy,0.0
email,0.0
employ,0.0
enables,0.0
empower,0.0
enabled document communication,0.0
enabled document,0.0
enabled,0.0
enable,0.0
empower employee increase,0.0
empower employee,0.0
employment,0.0
employee,0.0
employing,0.0
employer ensure learner,0.0
employer ensure,0.0
employer,0.0
employee increase productivity,0.0
employee increase,0.0
enterprise wide business,0.0
entertainment,0.0
enthusiastic,0.0
field work help,0.0
finding recruiting,0.0
finding,0.0
financial service,0.0
financial,0.0
finance,0.0
final,0.0
field work,0.0
firm,0.0
feel,0.0
fastest growing,0.0
fastest,0.0
fast paced,0.0
fast growing,0.0
fast,0.0
finding recruiting high,0.0
flexibility,0.0
facility,0.0
forward,0.0
friend,0.0
free,0.0
francisco,0.0
framework,0.0
founder,0.0
foundation,0.0
forefront,0.0
flexible,0.0
food,0.0
following,0.0
focused,0.0
focus delivering secure,0.0
focus delivering,0.0
focus,0.0
family,0.0
faceted digital strategy,0.0
entire,0.0
european,0.0
exciting,0.0
excited,0.0
exceptional,0.0
event content transcribed,0.0
event content,0.0
event,0.0
europe,0.0
existing,0.0
established principle time,0.0
established principle,0.0
essential,0.0
entry,0.0
entrepreneurial,0.0
entrepreneur,0.0
executive,0.0
expanding,0.0
faceted digital,0.0
expertise,0.0
faceted,0.0
facebook,0.0
face,0.0
explores new model,0.0
explores new,0.0
explores,0.0
expert respective field,0.0
expansion,0.0
expert respective,0.0
expert,0.0
experienced,0.0
experience story adding,0.0
experience story,0.0
experience quality,0.0
easy,0.0
early,0.0
connected specialist expert,0.0
eager,0.0
creative,0.0
creating,0.0
created changing digital,0.0
created changing,0.0
created,0.0
create multi faceted,0.0
create multi,0.0
cover apprenticeship available,0.0
cover apprenticeship,0.0
cover,0.0
course professional course,0.0
course professional,0.0
course hr practice,0.0
course hr,0.0
course,0.0
creativity,0.0
credit,0.0
critical,0.0
customer satisfaction year,0.0
data,0.0
daily,0.0
cutting edge,0.0
cutting,0.0
customized,0.0
customer service,0.0
customer satisfaction,0.0
cultural,0.0
customer interaction drive,0.0
customer interaction,0.0
custom,0.0
currently,0.0
current,0.0
culture,0.0
country,0.0
cost improve customer,0.0
cost improve,0.0
consumer,0.0
content transcribed translated,0.0
content transcribed,0.0
content,0.0
contact,0.0
consumer purpose inspire,0.0
consumer purpose,0.0
consulting firm,0.0
content using latest,0.0
consulting,0.0
consultant drive putting,0.0
consultant drive,0.0
constantly,0.0
consistently,0.0
consider,0.0
content using,0.0
context,0.0
cost effective,0.0
conversation surrounding,0.0
cost,0.0
corporation,0.0
corporate,0.0
core value,0.0
core,0.0
conversation surrounding global,0.0
conversation,0.0
context content,0.0
control,0.0
contractor,0.0
continually focus delivering,0.0
continually focus,0.0
continually,0.0
context content using,0.0
day,0.0
day time,0.0
day time hope,0.0
disability,0.0
diversity,0.0
diverse,0.0
distributor,0.0
discovery,0.0
discover,0.0
discipline,0.0
directly,0.0
document,0.0
direction,0.0
digital world create,0.0
digital world,0.0
digital tool day,0.0
digital tool,0.0
digital strategy implementation,0.0
division,0.0
document communication,0.0
difference,0.0
drive business process,0.0
dynamic,0.0
driving,0.0
driven,0.0
drive putting people,0.0
drive putting,0.0
drive growth,0.0
drive business,0.0
document communication management,0.0
drive,0.0
dream,0.0
draw,0.0
dont,0.0
domain,0.0
document communication solution,0.0
digital strategy,0.0
develops,0.0
dealer,0.0
deeper understanding,0.0
delivering best practice,0.0
delivering best,0.0
delivering,0.0
deliver,0.0
deeper understanding technology,0.0
deeper understanding sustained,0.0
deeper,0.0
delivering secure technology,0.0
deep,0.0
dedication,0.0
dedicated integrating delivering,0.0
dedicated integrating,0.0
dedicated,0.0
decision,0.0
delivering secure,0.0
delivers,0.0
development,0.0
department,0.0
developing,0.0
developer,0.0
developed,0.0
designer,0.0
designed,0.0
design,0.0
dental,0.0
delivers innovative,0.0
democracy world goal,0.0
democracy world,0.0
democracy,0.0
demand,0.0
delivery,0.0
delivers innovative document,0.0
simply,0.0
singapore,0.0
single,0.0
electronic,0.0
exciting,0.0
excited,0.0
exceptional,0.0
excellent communication skill,0.0
excellent communication,0.0
excellent,0.0
excellence,0.0
exceed,0.0
example,0.0
evaluation,0.0
evaluate,0.0
european,0.0
europe,0.0
ethic,0.0
estimate,0.0
exciting opportunity,0.0
execute,0.0
executing,0.0
expense,0.0
exposure,0.0
expertise,0.0
expert,0.0
experience year,0.0
experience working,0.0
experience required,0.0
expected,0.0
executive,0.0
expectation,0.0
expect,0.0
expansion,0.0
expanding,0.0
expand,0.0
existing,0.0
estate,0.0
establishing,0.0
established,0.0
energetic,0.0
engineering team,0.0
engine,0.0
engaging,0.0
engagement,0.0
engage,0.0
energy,0.0
end user,0.0
enhance,0.0
end end,0.0
enables,0.0
enable,0.0
employment,0.0
employer,0.0
emerging,0.0
english,0.0
enhancement,0.0
establish,0.0
environmentconsistently adhere business,0.0
essential duty,0.0
error,0.0
equivalent,0.0
equipmentshipping amp,0.0
equipmentshipping,0.0
equipment,0.0
environmentconsistently adhere,0.0
enjoy,0.0
environmentconsistently,0.0
environmental,0.0
entrepreneur,0.0
entire,0.0
enthusiastic,0.0
enthusiasm,0.0
extensive,0.0
external,0.0
extra,0.0
form,0.0
founded,0.0
foundation,0.0
foster,0.0
forward,0.0
fortune,0.0
format,0.0
forecast,0.0
framework,0.0
follow,0.0
folding inserting delivery,0.0
folding inserting,0.0
folding,0.0
focused,0.0
flow,0.0
founder,0.0
francisco,0.0
flexibility satisfying,0.0
fully,0.0
funded,0.0
functionality,0.0
functional team,0.0
functional,0.0
function,0.0
fun,0.0
friendly cooperative attitudedemonstrate,0.0
free search,0.0
friendly cooperative,0.0
friendly,0.0
friend,0.0
friday,0.0
fresh,0.0
free search website,0.0
flexibility satisfying customer,0.0
flexibility,0.0
extremely,0.0
family,0.0
fast paced environment,0.0
fast paced,0.0
fast growing,0.0
fashion,0.0
fantastic opportunity,0.0
fantastic,0.0
familiar,0.0
fastest,0.0
facing,0.0
facility,0.0
facilitate,0.0
facebook,0.0
face face,0.0
eye,0.0
faster,0.0
fastest growing,0.0
firm,0.0
file paper,0.0
finding,0.0
financial service,0.0
finance,0.0
final,0.0
filing,0.0
file paper neededmaintain,0.0
file,0.0
fax,0.0
feel free search,0.0
feel free,0.0
feel,0.0
feedback,0.0
federal,0.0
feature,0.0
element,0.0
electrical,0.0
furnished,0.0
effort,0.0
defining,0.0
defined,0.0
define,0.0
deep,0.0
dedication,0.0
dedicated,0.0
decision making,0.0
decision,0.0
dealing,0.0
dealer,0.0
deal,0.0
deadline,0.0
day day,0.0
day,0.0
date,0.0
definition,0.0
degree,0.0
deliver,0.0
demonstrate,0.0
depending,0.0
dental,0.0
demonstrating friendly cooperative,0.0
demonstrating friendly,0.0
demonstrating,0.0
demonstrated,0.0
demand high volume,0.0
deliver mail,0.0
demand,0.0
delivery pickup,0.0
delivers,0.0
delivering,0.0
delivered,0.0
deliverable,0.0
database,0.0
daily task,0.0
cv,0.0
credit cardsgabriel adkins,0.0
cross training,0.0
cross functional team,0.0
cross functional,0.0
cross,0.0
crm,0.0
critical,0.0
credit cardsgabriel,0.0
culture,0.0
creativity,0.0
creation,0.0
creating,0.0
creates,0.0
created,0.0
craft,0.0
cross training perform,0.0
current,0.0
cutting edge,0.0
customer need,0.0
cutting,0.0
customer support,0.0
customer service skill,0.0
customer service associate,0.0
customer satisfaction,0.0
customer relationship,0.0
customer experience,0.0
currently looking,0.0
customer demand high,0.0
customer demand,0.0
customer care demonstrating,0.0
customer care,0.0
custom,0.0
currently seeking,0.0
deploy,0.0
deployment,0.0
depth,0.0
documentation attention detailparticipate,0.0
driver,0.0
driven,0.0
drive,0.0
downtown,0.0
dont,0.0
domain,0.0
documentation attention,0.0
duty assigned,0.0
documentation,0.0
diverse,0.0
distribution,0.0
distributed,0.0
display,0.0
discover,0.0
driving,0.0
duty include,0.0
disability,0.0
editorial,0.0
efficiently,0.0
efficient,0.0
efficiency,0.0
effectiveness,0.0
effective,0.0
education,0.0
editing,0.0
duty responsibility,0.0
edge,0.0
ecommerce,0.0
easy,0.0
early,0.0
eager,0.0
dynamic,0.0
discipline,0.0
director,0.0
design development,0.0
desk,0.0
determine,0.0
detailparticipate cross training,0.0
detailparticipate cross,0.0
detailparticipate,0.0
detailed,0.0
desktop,0.0
desired,0.0
develop maintain,0.0
desire,0.0
designing,0.0
designer,0.0
designed,0.0
design team,0.0
design implement,0.0
develop implement,0.0
develop new,0.0
directly click apply,0.0
digital marketing,0.0
directly click,0.0
directly,0.0
direction supervisor site,0.0
direction supervisor,0.0
direction,0.0
direct,0.0
different,0.0
developed,0.0
device,0.0
develops,0.0
development team,0.0
development process,0.0
developer join,0.0
developer,0.0
funding,0.0
furnished airfare,0.0
cover letter,0.0
involved,0.0
like confidential urgent,0.0
like confidential,0.0
lift,0.0
liaison,0.0
leverage,0.0
level customer service,0.0
level customer care,0.0
level customer,0.0
letter,0.0
legal,0.0
leave,0.0
learning,0.0
learn,0.0
leadership team,0.0
leader,0.0
linux,0.0
list,0.0
little,0.0
loan credit cardsgabriel,0.0
logistics,0.0
log reporting documentation,0.0
log reporting,0.0
log,0.0
located,0.0
local,0.0
loan credit,0.0
live,0.0
loan,0.0
load,0.0
living housing providedairfare,0.0
living housing provided,0.0
living housing,0.0
living,0.0
lead,0.0
law,0.0
launch,0.0
job feel free,0.0
join team,0.0
join growing,0.0
job title,0.0
job responsibility,0.0
job opening website,0.0
job opening,0.0
job feel,0.0
jquery,0.0
job description,0.0
job asia usd,0.0
job asia,0.0
javascript,0.0
item,0.0
io,0.0
joining,0.0
junior,0.0
latest,0.0
kid paid love,0.0
largest,0.0
large scale,0.0
language,0.0
lab,0.0
known,0.0
kind,0.0
kid paid,0.0
keen,0.0
kid,0.0
key role,0.0
kept permanent position,0.0
kept permanent,0.0
kept,0.0
keeping,0.0
long term,0.0
look,0.0
looking experienced,0.0
material like,0.0
meaningful,0.0
mean,0.0
maximum,0.0
maximize,0.0
matter,0.0
material like confidential,0.0
match,0.0
mechanical,0.0
massive,0.0
marketplace,0.0
marketing team,0.0
marketing strategy,0.0
marketing sale,0.0
marketing manager,0.0
measure,0.0
medium,0.0
marketer,0.0
metering folding,0.0
microsoft office,0.0
microsoft,0.0
metric,0.0
methodology,0.0
method,0.0
metering folding inserting,0.0
metering,0.0
meet,0.0
met,0.0
messaging,0.0
message,0.0
member team,0.0
member,0.0
meeting,0.0
marketing campaign,0.0
manufacturing,0.0
looking start,0.0
love travel job,0.0
mail center activity,0.0
mail center,0.0
mail,0.0
machine,0.0
luxury,0.0
low,0.0
love travel,0.0
mailing copy,0.0
lot,0.0
los angeles,0.0
los,0.0
looking time,0.0
looking talented,0.0
looking start career,0.0
mailing,0.0
main,0.0
manual,0.0
management skill,0.0
managing,0.0
managermaintain log reporting,0.0
managermaintain log,0.0
managermaintain,0.0
manager responsible,0.0
management team,0.0
managed,0.0
main website,0.0
maker,0.0
make sure,0.0
major,0.0
maintenance,0.0
maintains,0.0
main website search,0.0
involves,0.0
involve,0.0
furnished airfare reimbursedexcellent,0.0
invoice,0.0
high quality,0.0
high performance,0.0
high level,0.0
helping,0.0
help build,0.0
help,0.0
heavy box file,0.0
heavy box,0.0
heavy,0.0
heart,0.0
hear,0.0
healthy,0.0
healthcare,0.0
headquarters,0.0
head,0.0
high volume,0.0
high volume production,0.0
highest,0.0
hoc,0.0
housing,0.0
house,0.0
hour week,0.0
honest,0.0
holiday,0.0
hold,0.0
hit,0.0
highest level,0.0
history,0.0
hiring,0.0
hire,0.0
highly motivated,0.0
highly,0.0
highest level customer,0.0
hard working,0.0
hard,0.0
happy,0.0
getting,0.0
government,0.0
got,0.0
google,0.0
going,0.0
global,0.0
given,0.0
generating,0.0
graphic,0.0
generate,0.0
gathering,0.0
gather,0.0
game,0.0
gain,0.0
future,0.0
graduate,0.0
great opportunity,0.0
handling,0.0
guide,0.0
handle,0.0
hand,0.0
guidelinesadhere safety procedurestake,0.0
guidelinesadhere safety,0.0
guidelinesadhere,0.0
guideline,0.0
guidance,0.0
greece,0.0
guest,0.0
growth responsibility,0.0
growing team,0.0
growing company,0.0
grow,0.0
ground,0.0
housing provided,0.0
housing provided private,0.0
housing providedairfare,0.0
installation,0.0
integrated,0.0
integrate,0.0
integral talented team,0.0
integral talented,0.0
integral,0.0
instruction,0.0
insight,0.0
integrity,0.0
inside,0.0
inserting delivery pickup,0.0
inserting delivery,0.0
inserting,0.0
input,0.0
innovative,0.0
integration,0.0
intelligence,0.0
initiative,0.0
internally,0.0
investor,0.0
investment,0.0
inventory,0.0
interpersonal,0.0
internship,0.0
international,0.0
internal external,0.0
interacting,0.0
internal,0.0
intern,0.0
interface,0.0
interesting,0.0
interactive,0.0
interaction,0.0
innovation,0.0
initial,0.0
housing providedairfare reimbursedexcellent,0.0
ideally,0.0
impact,0.0
immediately,0.0
immediate,0.0
image,0.0
identifying,0.0
identify,0.0
ideal candidate,0.0
implementing,0.0
ideal,0.0
idea,0.0
human resource,0.0
human,0.0
huge,0.0
html,0.0
implement,0.0
important,0.0
infrastructure,0.0
increase,0.0
informed,0.0
influence,0.0
industrial,0.0
independently,0.0
independent,0.0
increasing,0.0
incoming mail,0.0
improve,0.0
incoming,0.0
including limited,0.0
includes,0.0
include limited,0.0
improving,0.0
improvement,0.0
coverage,0.0
cover,0.0
site,0.0
training provider,0.0
video,0.0
veteran,0.0
venture,0.0
vendor,0.0
vast,0.0
various,0.0
variety,0.0
value added,0.0
valuable,0.0
valley,0.0
vacation,0.0
using latest digital,0.0
using latest,0.0
using,0.0
user experience story,0.0
vision,0.0
visit,0.0
want work,0.0
weve,0.0
win,0.0
wide business process,0.0
wide business,0.0
whilst working long,0.0
whilst working,0.0
whilst,0.0
welcome,0.0
way people,0.0
week,0.0
website,0.0
web mobile,0.0
web,0.0
way thinking engage,0.0
way thinking,0.0
user experience,0.0
user,0.0
used,0.0
travel,0.0
trusted partner continually,0.0
trusted partner,0.0
trusted,0.0
trust,0.0
truly,0.0
treat,0.0
translated english broadcast,0.0
turned,0.0
translated english,0.0
translated,0.0
transform,0.0
transcribed translated english,0.0
transcribed translated,0.0
transcribed,0.0
turn,0.0
turned integrate,0.0
use,0.0
understanding technology,0.0
usa,0.0
university,0.0
united state,0.0
united,0.0
unique,0.0
understanding technology human,0.0
understanding sustained engagement,0.0
turned integrate optimize,0.0
understanding sustained,0.0
understanding,0.0
understand,0.0
uk,0.0
type,0.0
twitter,0.0
win win,0.0
window,0.0
winning,0.0
zealand,0.0
according,0.0
accordance,0.0
access,0.0
able work,0.0
able,0.0
ability work,0.0
youre,0.0
account manager,0.0
young,0.0
youll,0.0
york city,0.0
york,0.0
year experience,0.0
year client turned,0.0
account management,0.0
accountability,0.0
worldwide,0.0
action,0.0
ad,0.0
activity sorting metering,0.0
activity sorting,0.0
activity,0.0
actively,0.0
active,0.0
act,0.0
accountable,0.0
acquisition,0.0
achieving,0.0
accurately,0.0
accurate,0.0
accuracy,0.0
accounting,0.0
year client,0.0
world leading,0.0
wish,0.0
work closely candidate,0.0
work life,0.0
work help client,0.0
work help,0.0
work hard,0.0
work explores new,0.0
work explores,0.0
work closely,0.0
work process enhance,0.0
word,0.0
wishing pursue apprenticeship,0.0
wishing pursue,0.0
wishing,0.0
wish grow education,0.0
wish grow,0.0
work process,0.0
worker,0.0
world largest,0.0
world class,0.0
world goal build,0.0
world goal,0.0
world drive business,0.0
world drive,0.0
world create multi,0.0
world create,0.0
world changed brand,0.0
workforce,0.0
world changed,0.0
workplace,0.0
working long term,0.0
working long,0.0
working environment,0.0
working,0.0
training provider ensure,0.0
training,0.0
add,0.0
trained,0.0
story adding context,0.0
story adding,0.0
store,0.0
stay,0.0
state art,0.0
startup,0.0
started,0.0
start long successful,0.0
start long,0.0
start,0.0
standard,0.0
stand,0.0
stage,0.0
staff,0.0
st,0.0
story case,0.0
story case struggle,0.0
strategic,0.0
struggle,0.0
study course,0.0
study,0.0
studio,0.0
student,0.0
struggle human right,0.0
struggle human,0.0
strong,0.0
strategy,0.0
strive,0.0
street,0.0
streamline,0.0
strategy implementation work,0.0
strategy implementation team,0.0
strategy implementation,0.0
spectrum learning team,0.0
spectrum learning,0.0
spectrum,0.0
social,0.0
solution improve,0.0
solution help company,0.0
solution help,0.0
software development,0.0
software,0.0
social medium,0.0
smart,0.0
solution pitney,0.0
small,0.0
skilled,0.0
skill experience,0.0
skill,0.0
size,0.0
situation,0.0
solution improve client,0.0
solution pitney bowes,0.0
specific,0.0
spanish,0.0
specialized,0.0
specialize,0.0
specialist expert respective,0.0
specialist expert,0.0
specialist,0.0
special,0.0
space,0.0
solution pre,0.0
sourcing,0.0
source,0.0
sound,0.0
solving,0.0
solve,0.0
solution pre conflict,0.0
study course professional,0.0
subsidiary,0.0
successful,0.0
thats,0.0
thinking deeper understanding,0.0
thinking deeper,0.0
thinking,0.0
thinker,0.0
think,0.0
thing,0.0
texas,0.0
thinking engage manage,0.0
test,0.0
term relevant job,0.0
term relevant,0.0
term,0.0
temporary,0.0
telecom,0.0
thinking engage,0.0
thousand,0.0
technology human,0.0
tm,0.0
touch,0.0
total,0.0
tool day time,0.0
tool day,0.0
tool,0.0
today,0.0
time permanent position,0.0
thrive,0.0
time permanent,0.0
time hope add,0.0
time hope,0.0
time education spectrum,0.0
time education,0.0
throw,0.0
technology human behaviour,0.0
technology enabled document,0.0
successful career,0.0
surrounding global,0.0
table,0.0
sustained engagement conversation,0.0
sustained engagement,0.0
sustained,0.0
sustainable,0.0
surrounding global event,0.0
surrounding,0.0
talented,0.0
sure,0.0
support,0.0
supplier,0.0
superior,0.0
successfully,0.0
successful career great,0.0
taking,0.0
talk,0.0
technology enabled,0.0
teamwork,0.0
technology company,0.0
technical non technical,0.0
technical non,0.0
technical job,0.0
technical,0.0
tech,0.0
team passionate consultant,0.0
teacher,0.0
team passionate,0.0
team member,0.0
team connected specialist,0.0
team connected,0.0
teacher safe amp,0.0
teacher safe,0.0
ad hoc,0.0
addition,0.0
course,0.0
california,0.0
closing,0.0
closely,0.0
close,0.0
clinical,0.0
client team,0.0
client service,0.0
client relationship,0.0
client base,0.0
click apply redirect,0.0
click apply,0.0
click,0.0
clearly,0.0
clear,0.0
cleaning,0.0
clean,0.0
cloud,0.0
cloud based,0.0
coach,0.0
colleague,0.0
coming,0.0
comfortable,0.0
combine,0.0
college,0.0
collection,0.0
collect,0.0
collaboratively,0.0
coaching,0.0
collaborative,0.0
collaboration,0.0
collaborate,0.0
cold,0.0
coding,0.0
code,0.0
city,0.0
citizen,0.0
choice,0.0
capital,0.0
career,0.0
care demonstrating friendly,0.0
care demonstrating,0.0
cardsgabriel adkins url_edcbafbeedcdbdeccddacfdf,0.0
cardsgabriel adkins,0.0
cardsgabriel,0.0
capacity,0.0
case,0.0
capable,0.0
capability,0.0
candidate possess,0.0
candidate integral talented,0.0
candidate integral,0.0
campaign,0.0
career minded,0.0
center,0.0
chicago,0.0
chance,0.0
check,0.0
charge,0.0
characteristic,0.0
channel,0.0
changing,0.0
change,0.0
challenging,0.0
center activity,0.0
challenge,0.0
chain,0.0
certified,0.0
certification,0.0
ceo,0.0
central,0.0
commerce,0.0
commercial,0.0
commitment,0.0
continued growth responsibility,0.0
contractor,0.0
contract apply today,0.0
contract apply,0.0
contract,0.0
continuously,0.0
continuous,0.0
continued growth,0.0
contribution,0.0
continued,0.0
continually,0.0
content,0.0
consumer,0.0
consulting,0.0
consultant,0.0
contribute,0.0
conversation,0.0
constantly,0.0
copy,0.0
country,0.0
cost living housing,0.0
cost living,0.0
cost,0.0
correct,0.0
corporate,0.0
coordinator,0.0
conversion,0.0
coordination,0.0
coordinating,0.0
coordinate,0.0
cooperative attitudedemonstrate flexibility,0.0
cooperative attitudedemonstrate,0.0
cooperative,0.0
construction,0.0
consistently,0.0
committed,0.0
compensation,0.0
completing,0.0
completed,0.0
complete,0.0
complaint,0.0
competitor,0.0
competitive salary,0.0
compelling,0.0
complex,0.0
company role,0.0
company policy,0.0
communication skill,0.0
communicating,0.0
communicate effectively,0.0
common,0.0
completion,0.0
component,0.0
consistent,0.0
confident,0.0
considered,0.0
consider,0.0
connect,0.0
configuration,0.0
confidential urgent,0.0
confidential,0.0
conference,0.0
comprehensive,0.0
conducting,0.0
conduct,0.0
condition,0.0
concern,0.0
concept,0.0
computer science,0.0
calling,0.0
calendar,0.0
additional,0.0
ca,0.0
applying,0.0
apply today,0.0
apply redirect main,0.0
apply redirect,0.0
apply directly click,0.0
apply directly,0.0
application,0.0
applicant,0.0
applicable,0.0
app,0.0
apis,0.0
api,0.0
annual,0.0
angeles,0.0
android,0.0
appointment,0.0
approach,0.0
appropriate,0.0
aspect,0.0
associate,0.0
assistance,0.0
assignment,0.0
asset,0.0
assessment,0.0
assess,0.0
asia usd monthly,0.0
apps,0.0
asia usd,0.0
asia,0.0
articulate,0.0
art,0.0
architecture,0.0
architect,0.0
analyzing,0.0
analytics,0.0
analytical,0.0
adkins url_edcbafbeedcdbdeccddacfdf url_dbdfcdbecfcabaeaacbfdeb,0.0
advancement,0.0
advanced,0.0
advance,0.0
administrator,0.0
administration,0.0
admin,0.0
adkins url_edcbafbeedcdbdeccddacfdf,0.0
advertising,0.0
adkins,0.0
adherence,0.0
adhere business procedure,0.0
adhere business,0.0
adhere,0.0
address,0.0
advantage,0.0
advice,0.0
analyst,0.0
airfare reimbursedexcellent student,0.0
america,0.0
ambitious,0.0
amazing,0.0
alongside,0.0
allows,0.0
allow,0.0
airfare reimbursedexcellent,0.0
advisor,0.0
airfare,0.0
aim,0.0
agile,0.0
agent,0.0
agency,0.0
age,0.0
associate based,0.0
assurance,0.0
athens,0.0
billion,0.0
box file,0.0
box,0.0
booking,0.0
book,0.0
board,0.0
blog,0.0
biggest,0.0
branch,0.0
big data,0.0
big,0.0
bi,0.0
better,0.0
best practice,0.0
best possible,0.0
box file paper,0.0
brand,0.0
benefit package,0.0
business opportunity,0.0
buying,0.0
busy,0.0
business requirement,0.0
business process,0.0
business procedure guidelinesadhere,0.0
business procedure,0.0
business need,0.0
bringing,0.0
business development,0.0
built,0.0
building,0.0
build,0.0
bug,0.0
budget,0.0
berlin,0.0
benefit,0.0
atmosphere,0.0
audience,0.0
award winning,0.0
award,0.0
availability,0.0
automation,0.0
automated,0.0
audit,0.0
attitudedemonstrate flexibility satisfying,0.0
away,0.0
attitudedemonstrate flexibility,0.0
attitudedemonstrate,0.0
attitude,0.0
attention detailparticipate cross,0.0
attention detailparticipate,0.0
attention,0.0
awareness,0.0
awesome,0.0
believe,0.0
banking,0.0
beauty,0.0
beautiful,0.0
beach,0.0
basis,0.0
based experience,0.0
base,0.0
bank,0.0
bachelor,0.0
balance,0.0
background,0.0
backfill,0.0
backend,0.0
backed,0.0
bachelor degree,0.0
young,0.0
